<?xml version="1.0" encoding="UTF-8"?>
<!DOCTYPE mapper  
PUBLIC "-//mybatis.org//DTD Mapper 3.0//EN"  
"http://mybatis.org/dtd/mybatis-3-mapper.dtd">
<mapper namespace="com.tianfu.Mapper.StaffMapper">

	<select id="findStaffById" parameterType="Integer"
		resultType="com.tianfu.po.Staff">
		select * from staff where id = #{id}
	</select>

	<select id="findStaffByNameAndJobs"
		parameterType="com.tianfu.po.Staff" resultType="com.tianfu.po.Staff">
		select * from staff
		<where>
			<if test="username != null and username != '' ">
				and username like concat('%',#{username},'%')
			</if>
			<if test="jobs != null and jobs != '' ">
				and jobs = #{jobs}
			</if>
		</where>
	</select>

	<select id="findStaffByNameAndEmail"
		parameterType="com.tianfu.po.Staff" resultType="com.tianfu.po.Staff">
		select * from staff
		<trim prefix="where" prefixOverrides="and">
			<choose>
				<when test="username != null and username != ''">
					and username like concat('%',#{username},'%')
				</when>
				<when test="jobs != null and jobs != ''">
					and jobs = #{jobs}
				</when>
				<otherwise>
					and email is not null
				</otherwise>
			</choose>
		</trim>
	</select>

	<update id="updateStaffById" parameterType="com.tianfu.po.Staff">

		update staff
		<set>
			<if test="username != null and username !=''">
				username=#{username},
			</if>
			<if test="sex != null and sex !=''">
				sex=#{sex},
			</if>
			<if test="jobs != null and jobs !=''">
				jobs=#{jobs},
			</if>
			<if test="phone != null and phone != ''">
				phone=#{phone}
			</if>
			where id=#{id}
		</set>
	</update>

	<select id="findStaffByIds" parameterType="List"
		resultType="com.tianfu.po.Staff">
		select * from staff where id in
		<foreach item="id" index="index" collection="list" open="("
			separator="," close=")">
			#{id}
		</foreach>
	</select>
	
	<insert id="insertStaff" parameterType="com.tianfu.po.Staff" keyProperty="id" useGeneratedKeys="true">
		insert into staff(username,sex,jobs,email,phone) values(#{username},#{sex},#{jobs},#{email},#{phone})
	</insert>
	
	<delete id="deleteStaff" parameterType="Integer">
		delete from staff where id=#{id}
	</delete>

</mapper>