<?xml version="1.0" encoding="UTF-8" ?> 
<!DOCTYPE configuration  PUBLIC "-//mybatis.org//DTD Config 3.0//EN"  
"http://mybatis.org/dtd/mybatis-3-config.dtd">
<configuration>
	<environments default="mysql">
		<environment id="mysql">
			<transactionManager type="JDBC" />
			<dataSource type="POOLED">
				<property name="driver" value="com.mysql.jdbc.Driver" />
				<property name="url" value="jdbc:mysql://localhost:3306/mybatis" />
				<property name="username" value="root" />
				<property name="password" value="ab123654" />
			</dataSource>
		</environment>
	</environments>
	<mappers>
		<mapper resource="com/tianfu/Mapper/StaffMapper.xml" />
	</mappers>
</configuration>
